asset_id,complaint_count,average_complaint_severity,recent_complaints,inspection_count,average_condition_score,maintenance_count,recent_maintenance,total_maintenance_cost,incident_count,unresolved_incidents,resolved_incidents,rule_based_risk
SG-042,3,2.94,4,2,42.39,1,1,259480,1,0,1,43.27
SG-042,4,4.21,3,2,61.74,1,1,223878,2,1,1,64.53
SG-042,3,3.19,4,1,54.57,2,2,297246,1,1,0,61.88
SG-042,6,3.39,2,0,62.93,3,1,230455,0,0,0,49.24
SG-042,4,4.05,2,1,58.93,2,2,289387,2,1,1,72.42
SG-042,3,4.11,2,1,54.24,1,1,359820,0,0,0,39.81
SG-042,1,3.44,3,1,63.69,3,1,251386,2,1,1,63.51
SG-042,1,2.88,2,1,59.14,3,1,285783,2,1,1,62.07
SG-042,4,3.21,3,1,48.43,2,1,277692,1,1,0,61.0
SG-042,4,3.6,3,1,44.5,1,0,221753,1,0,1,43.42
SG-042,3,4.58,3,2,50.53,2,0,258218,2,0,2,54.53
SG-042,4,3.84,2,0,58.58,1,1,278211,3,1,2,71.33
SG-042,2,3.8,3,2,64.68,2,2,211143,0,0,0,42.62
SG-042,3,2.71,4,1,46.23,1,1,323432,3,3,0,65.54
SG-042,3,2.98,1,1,51.5,2,0,269200,2,1,1,59.62
SG-042,3,2.95,1,1,57.57,4,1,331444,1,0,1,52.28
SG-042,2,3.16,5,0,64.71,1,2,298326,1,1,0,56.87
SG-042,2,3.98,3,0,47.78,2,3,285864,1,1,0,68.32
SG-042,5,3.82,3,2,61.43,4,1,209164,0,0,0,52.76
SG-042,5,3.54,3,2,49.14,1,2,255139,1,1,0,64.04
SG-042,3,4.66,3,2,41.6,2,0,209478,0,0,0,44.65
SG-042,4,2.74,3,1,55.38,3,2,351092,1,1,0,65.63
SG-042,3,3.84,3,0,58.72,2,4,380977,0,0,0,51.53
SG-042,1,3.26,3,2,52.17,1,0,267988,0,0,0,29.06
SG-042,2,3.6,1,0,75.03,1,0,378765,4,0,4,56.72
SG-042,3,3.91,5,0,56.04,3,1,256161,1,0,1,53.82
SG-042,3,3.48,3,1,61.77,3,1,296487,1,1,0,61.66
SG-042,2,3.89,3,3,70.59,2,0,215372,2,1,1,57.82
SG-042,4,2.45,4,1,49.12,2,1,279907,1,1,0,57.67
SG-042,3,3.78,4,0,56.11,2,1,256396,0,0,0,43.28
SG-042,5,2.6,4,1,57.51,1,1,349022,2,2,0,66.42
SG-042,4,3.98,5,1,64.62,2,1,238363,2,0,2,54.99
SG-042,4,3.54,4,2,72.57,3,0,273291,0,0,0,39.55
SG-042,5,4.12,2,0,58.26,1,0,294285,2,1,1,64.3
SG-042,0,3.88,3,1,70.93,0,0,309736,0,0,0,5.81
SG-042,3,4.26,2,2,66.55,2,1,291977,0,0,0,41.98
SG-042,3,3.94,4,0,57.0,3,0,231447,1,1,0,61.95
SG-042,3,4.6,4,2,62.43,4,1,166005,3,1,2,82.23
SG-042,3,4.59,1,0,45.19,1,1,306040,1,0,1,48.68
SG-042,0,3.71,3,1,63.62,2,2,289698,2,1,1,47.28
SG-042,3,3.81,4,1,62.17,2,1,322955,0,0,0,40.97
SG-042,1,2.04,2,2,55.72,2,2,350554,1,1,0,53.22
SG-042,3,3.08,2,0,50.89,2,2,372331,0,0,0,44.34
SG-042,2,4.0,3,0,65.43,1,0,217736,0,0,0,34.4
SG-042,3,3.9,3,2,55.26,1,2,258636,2,1,1,66.73
SG-042,3,3.91,5,3,58.56,2,2,230150,1,1,0,64.11
SG-042,3,3.09,1,0,49.06,2,1,384323,2,0,2,52.38
SG-042,3,3.39,3,1,62.95,2,2,213737,1,1,0,61.05
SG-042,3,4.67,3,1,57.55,2,0,300839,0,0,0,41.5
SG-042,4,3.93,3,1,55.53,3,0,258407,0,0,0,44.6
SG-042,5,4.3,2,0,34.28,1,3,301093,0,0,0,53.06
SG-042,1,3.46,3,1,64.33,2,2,238864,2,2,0,69.47
SG-042,2,3.05,4,1,69.23,2,2,284284,1,1,0,56.56
SG-042,3,3.01,3,1,45.47,3,0,340589,0,0,0,40.95
SG-042,1,3.09,3,1,55.97,2,1,221127,2,1,1,59.58
SG-042,3,4.06,3,3,57.3,2,0,219813,0,0,0,38.99
SG-042,3,3.9,3,0,65.2,3,1,240828,2,1,1,71.78
SG-042,1,3.62,3,0,59.52,1,2,346136,1,1,0,57.0
SG-042,0,2.86,3,0,63.72,4,0,230605,1,1,0,44.0
SG-042,2,3.84,5,0,47.75,2,0,322018,1,0,1,43.73
SG-042,4,3.27,4,0,52.91,3,2,301825,0,0,0,50.93
SG-042,2,3.83,2,1,51.55,1,2,290387,0,0,0,41.38
SG-042,2,3.69,3,1,61.77,1,1,352490,0,0,0,34.74
SG-042,5,5.0,3,0,55.52,2,1,215318,2,1,1,76.0
SG-042,1,4.16,5,1,55.3,2,2,181121,1,1,0,62.21
SG-042,5,3.55,5,0,62.7,2,0,286828,2,1,1,65.91
SG-042,1,3.66,2,1,57.35,0,0,303707,0,0,0,25.7
SG-042,4,3.86,2,0,64.69,2,3,300278,1,1,0,71.41
SG-042,4,4.11,4,1,54.52,2,2,360010,1,1,0,67.56
SG-042,3,3.5,4,0,51.39,1,0,223614,0,0,0,34.1
SG-042,4,3.5,2,1,66.39,1,0,307944,1,1,0,50.62
SG-042,3,4.16,2,1,56.31,1,0,314990,1,0,1,41.61
SG-042,3,4.46,1,0,50.62,3,1,319509,0,0,0,50.13
SG-042,4,3.71,4,1,60.23,2,2,321708,0,0,0,46.74
SG-042,4,4.5,2,0,58.79,3,3,305603,1,0,1,62.1
SG-042,3,3.46,2,3,72.28,3,0,324368,2,1,1,61.48
SG-042,4,4.11,4,2,60.73,0,1,246187,0,0,0,36.32
SG-042,5,4.62,3,2,58.1,2,0,298993,1,0,1,50.78
SG-042,3,3.61,5,2,58.09,2,1,265759,0,0,0,40.94
SG-042,2,2.79,4,1,43.71,2,2,335681,2,1,1,66.58
SG-042,2,2.91,3,1,68.3,3,1,208071,1,1,0,56.16
SG-042,3,3.27,3,1,52.98,2,1,290523,1,0,1,46.54
SG-042,2,4.68,2,0,43.11,2,1,270484,2,0,2,57.26
SG-042,3,4.76,2,1,51.98,1,1,356083,3,1,2,73.0
SG-042,5,3.69,5,1,59.05,2,4,324161,0,0,0,52.69
SG-042,3,3.33,4,1,60.23,2,1,300543,0,0,0,39.34
SG-042,2,2.66,3,1,52.45,3,0,254455,0,0,0,36.28
SG-042,3,2.96,4,1,42.86,0,1,264758,1,1,0,51.26
SG-042,3,4.33,2,0,49.25,2,2,253104,0,0,0,49.59
SG-042,2,3.28,3,1,55.51,3,0,229228,1,0,1,44.27
SG-042,3,3.74,3,2,53.02,4,1,206253,1,0,1,56.5
SG-042,2,3.95,4,1,65.9,3,2,306330,2,0,2,59.01
SG-042,3,3.06,3,1,56.67,4,1,299924,1,1,0,64.92
SG-042,3,3.98,4,2,60.48,3,0,272132,2,2,0,72.02
SG-042,3,4.29,3,2,60.31,2,1,114645,1,0,1,49.36
SG-042,1,3.99,3,0,52.3,3,1,401258,1,1,0,62.56
SG-042,5,3.76,2,1,57.72,1,1,235883,2,1,1,65.25
SG-042,3,3.6,3,1,50.0,1,2,254157,0,0,0,42.52
SG-042,4,2.6,3,2,61.0,3,0,295340,1,1,0,55.92
SG-042,4,4.71,5,2,57.12,2,2,283713,1,1,0,69.56
SG-042,3,3.16,3,2,58.02,2,2,256234,2,1,1,67.07
SG-042,2,4.68,2,0,49.64,1,1,261829,1,1,0,59.26
SG-042,3,3.89,3,1,41.14,2,0,278998,1,1,0,59.51
SG-042,4,3.81,2,1,53.78,2,2,246099,2,1,1,72.45
SG-042,2,4.35,4,1,51.9,1,0,307060,0,0,0,35.49
SG-042,2,3.53,3,3,46.98,3,1,299779,1,1,0,63.03
SG-042,3,4.69,3,2,52.85,2,0,302208,2,1,1,66.53
SG-042,3,2.89,3,0,50.7,2,2,432630,0,0,0,43.54
SG-042,3,3.56,3,1,58.88,2,0,191483,2,1,1,60.58
SG-042,2,3.68,4,1,52.75,3,3,304398,2,2,0,78.51
SG-042,4,4.1,4,1,49.22,3,0,232979,2,2,0,76.58
SG-042,5,3.48,2,1,58.82,2,2,256986,1,0,1,53.85
SG-042,4,3.67,2,1,56.53,2,3,271546,1,0,1,57.31
SG-042,2,3.49,2,2,56.68,3,1,279062,1,1,0,60.92
SG-042,5,2.05,1,1,58.12,3,1,255713,2,2,0,71.99
SG-042,3,4.34,3,1,63.58,2,1,358602,0,0,0,42.91
SG-042,2,3.42,3,0,50.12,1,3,376817,1,1,0,61.96
SG-042,2,2.33,3,0,57.32,0,0,285234,1,1,0,41.39
SG-042,1,4.27,2,2,57.91,1,1,297241,2,1,1,60.15
SG-042,5,4.38,3,2,73.47,4,0,225670,2,0,2,60.7
SG-042,1,3.33,3,1,52.8,1,0,228275,3,1,2,59.23
SG-042,4,3.33,3,0,36.79,1,0,152362,0,0,0,35.19
SG-042,3,4.57,3,2,50.79,3,2,245054,2,1,1,78.44
SG-042,2,2.88,2,1,60.62,1,1,308608,2,2,0,61.57
SG-042,5,2.97,5,1,66.36,2,1,176854,1,0,1,46.2
SG-042,4,4.73,2,1,52.2,1,2,274865,3,1,2,78.63
SG-042,4,3.74,4,1,57.6,2,0,313679,2,1,1,63.39
SG-042,5,4.68,3,1,53.01,2,0,366752,1,1,0,64.05
SG-042,4,2.15,1,2,58.48,2,0,275713,3,2,1,62.53
SG-042,3,3.36,3,0,60.06,3,0,240358,0,0,0,41.51
SG-042,3,2.21,4,2,55.99,0,0,345303,0,0,0,23.48
SG-042,2,4.23,2,1,62.52,4,1,297833,0,0,0,48.86
SG-042,2,3.28,3,0,59.83,3,1,188975,1,1,0,61.38
SG-042,1,2.92,4,1,61.3,4,1,313447,4,1,3,71.8
SG-042,2,3.97,3,1,49.74,4,1,236431,2,1,1,74.33
SG-042,3,4.06,2,1,73.3,2,1,248906,1,1,0,57.79
SG-042,3,4.31,1,2,54.96,2,0,350606,2,2,0,70.51
SG-042,1,4.25,3,0,57.81,2,2,286820,1,1,0,63.65
SG-042,4,1.66,3,1,43.98,2,2,216804,1,0,1,47.38
SG-042,2,4.7,2,1,43.03,4,2,266890,2,0,2,66.73
SG-042,4,3.44,3,1,53.35,3,1,313107,1,1,0,64.98
SG-042,2,5.0,1,2,68.94,1,3,332150,2,1,1,70.81
SG-042,3,3.52,3,2,59.45,1,2,328032,2,2,0,70.29
SG-042,3,3.02,2,0,59.9,2,1,113259,0,0,0,40.08
SG-042,2,3.92,2,2,56.85,2,3,361011,1,1,0,66.69
SG-042,3,4.03,3,1,69.74,2,3,282027,3,1,2,78.38
SG-042,4,3.16,2,1,65.91,2,0,201642,0,0,0,35.29
SG-042,3,4.46,3,0,56.47,2,3,196275,1,1,0,72.13
SG-042,4,4.06,3,1,64.22,1,2,200936,1,1,0,61.41
SG-042,2,3.65,2,0,55.17,1,1,213285,2,0,2,48.93
SG-017,0,2.56,2,1,70.31,1,0,44569,3,0,3,27.94
SG-017,1,3.38,2,0,58.54,1,0,58120,1,0,1,36.0
SG-017,0,1.08,1,1,68.6,2,2,43296,0,0,0,22.28
SG-017,2,3.22,2,0,88.07,0,2,28127,0,0,0,35.12
SG-017,1,3.59,1,1,82.91,1,0,36968,2,0,2,36.3
SG-017,0,2.49,0,1,60.99,0,0,52715,2,0,2,19.8
SG-017,1,3.1,0,0,64.48,0,0,46621,2,0,2,36.82
SG-017,1,2.85,1,1,60.37,0,1,55288,0,0,0,25.7
SG-017,2,2.89,2,0,71.05,0,0,54428,0,0,0,25.74
SG-017,0,2.01,1,0,75.02,1,1,47386,3,0,3,36.0
SG-017,1,3.79,2,0,69.5,2,2,46953,1,0,1,49.72
SG-017,1,2.82,1,1,66.58,2,4,27230,1,0,1,46.33
SG-017,2,3.03,2,2,73.54,2,0,60905,1,1,0,47.62
SG-017,0,2.42,1,1,74.26,2,0,54738,1,0,1,19.15
SG-017,0,3.35,0,2,60.06,1,1,56695,1,0,1,21.99
SG-017,0,3.89,2,1,70.11,0,1,27402,2,0,2,21.98
SG-017,4,2.23,1,2,81.53,0,1,45020,1,0,1,30.26
SG-017,1,1.88,1,1,70.18,0,2,48645,0,0,0,23.66
SG-017,0,2.28,0,2,66.88,2,0,47479,1,1,0,32.62
SG-017,0,1.9,0,1,62.01,1,1,68746,0,0,0,15.6
SG-017,0,2.65,1,0,73.89,3,1,47598,2,0,2,38.0
SG-017,0,1.41,2,1,63.9,1,0,39716,2,0,2,23.22
SG-017,2,2.02,0,3,81.02,1,0,39707,1,0,1,25.88
SG-017,1,2.98,1,0,67.87,2,0,43104,0,0,0,32.32
SG-017,1,4.03,2,0,77.37,0,0,48138,1,1,0,46.73
SG-017,0,2.57,0,1,80.79,2,3,67676,0,0,0,23.84
SG-017,0,2.46,0,0,63.58,1,0,53421,0,0,0,14.0
SG-017,0,3.05,0,2,80.96,1,0,47107,0,0,0,7.81
SG-017,2,3.07,0,0,77.5,2,2,29080,1,1,0,60.49
SG-017,0,2.99,1,1,57.18,1,1,43519,0,0,0,16.56
SG-017,1,3.31,1,1,72.74,0,1,44994,1,1,0,43.15
SG-017,0,1.62,1,1,73.36,1,2,54326,1,0,1,23.33
SG-017,0,3.54,2,2,64.96,2,2,60588,0,0,0,23.01
SG-017,2,3.04,0,1,76.63,1,1,42413,2,0,2,41.04
SG-017,0,3.01,2,0,61.52,0,1,33817,1,0,1,20.0
SG-017,0,3.16,1,2,75.8,0,1,55437,1,0,1,14.84
SG-017,2,2.24,2,2,74.32,1,1,51785,1,0,1,32.14
SG-017,2,2.61,0,0,63.48,0,2,63089,2,0,2,44.56
SG-017,2,4.0,1,1,55.94,1,0,46996,0,0,0,33.21
SG-017,2,2.45,0,0,69.87,0,0,49530,1,0,1,29.89
SG-017,0,3.75,2,1,76.95,0,1,46473,1,0,1,14.61
SG-017,0,3.36,2,0,81.52,0,0,55253,1,0,1,16.0
SG-017,0,3.72,0,2,71.56,0,0,34828,2,1,1,29.69
SG-017,0,2.72,0,2,61.2,3,1,33381,0,0,0,23.76
SG-017,0,3.07,0,0,68.96,0,0,35909,0,0,0,10.0
SG-017,1,3.17,0,0,73.72,0,2,32973,1,0,1,39.11
SG-017,1,2.55,1,1,66.12,1,1,44114,1,1,0,45.29
SG-017,1,2.79,1,2,61.28,2,0,47173,3,0,3,47.26
SG-017,1,2.61,1,1,65.71,1,1,37328,0,0,0,27.62
SG-017,1,3.38,1,2,72.7,1,1,44085,0,0,0,29.46
SG-017,0,2.53,1,1,60.76,2,1,33891,2,0,2,31.85
SG-017,0,4.24,2,1,84.72,1,1,38397,2,0,2,23.06
SG-017,1,2.45,1,1,61.33,0,2,18981,1,0,1,33.82
SG-017,3,2.65,2,1,72.91,2,1,54966,0,0,0,33.95
SG-017,2,3.46,3,0,60.97,0,2,49979,1,0,1,42.13
SG-017,2,2.14,2,3,74.93,2,1,26898,0,0,0,29.6
SG-017,0,4.21,1,1,69.53,1,2,44677,2,0,2,30.09
SG-017,1,2.02,0,1,72.45,0,1,45538,0,0,0,19.79
SG-017,1,3.27,0,1,80.18,2,1,40320,0,0,0,31.5
SG-017,1,3.44,1,2,72.76,2,2,36955,0,0,0,37.7
SG-017,1,1.8,0,2,69.76,0,2,34527,0,0,0,23.41
SG-017,1,3.35,2,1,75.92,1,1,46075,1,1,0,46.69
SG-017,2,3.03,0,1,71.78,1,3,39762,1,1,0,55.97
SG-017,1,4.64,1,1,65.61,1,1,53463,1,1,0,54.17
SG-017,1,2.77,4,1,66.24,0,0,54366,1,0,1,26.19
SG-017,1,3.51,0,0,73.79,2,1,36905,2,0,2,50.54
SG-017,0,2.34,2,2,76.84,2,4,27908,0,0,0,24.63
SG-017,0,2.25,1,0,74.68,1,1,50077,2,0,2,30.0
SG-017,4,3.16,0,0,58.08,1,1,40316,3,0,3,56.47
SG-017,2,2.35,0,1,73.38,0,1,45141,1,0,1,28.79
SG-017,0,2.88,1,1,80.65,1,1,49377,2,0,2,23.87
SG-017,2,3.69,2,2,65.07,1,1,44019,0,0,0,34.08
SG-017,1,2.46,1,0,63.2,1,1,50793,3,0,3,48.13
SG-017,2,2.25,0,2,64.61,0,1,44098,0,0,0,24.13
SG-017,2,2.44,0,2,75.94,0,0,37554,1,1,0,36.66
SG-017,0,2.94,2,0,80.27,0,1,47467,2,0,2,26.0
SG-017,0,2.45,1,1,75.82,2,2,42857,0,0,0,20.84
SG-017,1,2.24,2,2,73.01,0,0,63862,0,0,0,16.61
SG-017,2,3.01,2,1,75.67,1,2,67774,2,0,2,45.11
SG-017,2,3.8,2,1,81.32,2,4,37500,0,0,0,43.3
SG-017,0,2.38,0,1,74.95,1,3,45134,2,0,2,33.01
SG-017,2,3.2,2,1,75.97,1,1,49050,3,0,3,47.85
SG-017,2,3.88,2,1,52.93,2,0,59699,1,1,0,55.31
SG-017,0,1.91,1,1,68.07,1,4,53345,2,1,1,50.39
SG-017,3,2.87,0,1,78.49,0,1,38082,3,1,2,55.76
SG-017,2,3.44,1,1,62.52,0,1,48240,2,1,1,53.54
SG-017,3,2.3,1,1,92.26,2,2,41122,0,0,0,32.61
SG-017,0,2.83,1,2,69.16,0,2,38010,1,0,1,20.17
SG-017,1,3.55,0,1,77.47,0,0,51686,2,0,2,33.22
SG-017,0,3.49,0,1,64.9,0,1,43167,0,0,0,11.02
SG-017,0,3.69,1,0,65.07,0,1,41454,0,0,0,14.0
SG-017,0,4.1,0,0,80.88,2,0,38679,2,0,2,30.0
SG-017,0,2.8,3,1,72.81,2,3,39232,1,1,0,43.44
SG-017,0,3.72,0,1,70.06,0,0,47764,2,0,2,17.99
SG-017,1,3.4,0,2,78.55,4,1,40419,2,1,1,64.37
SG-017,0,2.72,2,0,68.72,1,2,38954,0,0,0,22.0
SG-017,0,2.08,1,0,66.38,0,1,58225,2,0,2,26.0
SG-017,0,2.7,1,1,64.74,1,0,47117,2,0,2,23.05
SG-017,3,2.38,1,1,71.2,1,1,53480,2,0,2,41.16
SG-017,2,2.51,2,0,80.73,3,1,23075,0,0,0,40.14
SG-017,2,3.17,2,1,81.74,2,3,48588,2,0,2,52.57
SG-017,0,4.19,1,2,72.99,0,1,59360,2,0,2,21.4
SG-017,1,4.25,1,0,87.14,2,1,41286,2,0,2,53.65
SG-017,2,3.38,1,1,70.6,2,0,28781,2,0,2,43.68
SG-017,2,3.29,1,2,71.64,1,1,65206,0,0,0,31.09
SG-017,0,2.92,1,0,75.11,1,0,53396,2,1,1,38.0
SG-017,1,3.03,2,2,81.07,0,1,49395,0,0,0,22.31
SG-017,4,3.45,2,1,71.41,1,0,35362,2,1,1,55.41
SG-017,0,3.68,1,1,75.68,2,1,59102,1,0,1,22.86
SG-017,0,4.51,1,2,59.13,0,2,47869,0,0,0,16.17
SG-017,0,3.99,1,1,81.43,0,0,43035,2,0,2,15.71
SG-017,0,3.58,0,1,57.15,0,1,54304,0,0,0,12.57
SG-017,0,2.52,3,1,67.58,1,2,59662,0,0,0,18.48
SG-017,1,2.31,1,1,81.12,2,1,42860,2,0,2,39.28
SG-017,2,2.94,0,0,83.58,1,3,39864,1,1,0,59.95
SG-017,0,1.67,2,0,71.83,0,1,35495,1,0,1,20.0
SG-017,0,2.51,1,0,68.62,1,1,42286,1,0,1,24.0
SG-017,2,4.01,1,1,70.08,1,3,50087,0,0,0,42.43
SG-017,2,2.84,2,0,60.12,1,0,42602,2,0,2,41.53
SG-017,0,2.28,1,1,83.19,2,1,46456,1,0,1,21.36
SG-017,2,2.22,2,2,73.69,1,1,16385,1,0,1,32.19
SG-017,1,3.49,1,0,70.87,1,1,46619,2,0,2,46.46
SG-017,1,3.9,0,1,67.32,1,0,43304,3,0,3,46.72
SG-017,0,2.09,3,1,71.79,1,0,42648,3,1,2,39.64
SG-017,0,3.45,0,0,80.16,2,2,40301,1,1,0,44.0
SG-017,1,2.72,0,1,80.63,0,2,48315,2,1,1,49.1
SG-017,0,1.87,0,2,67.66,0,0,62526,2,1,1,30.47
SG-017,2,3.4,1,1,68.58,4,2,40362,1,0,1,50.16
SG-017,3,2.54,2,2,75.08,1,1,44436,0,0,0,29.05
SG-017,3,2.92,0,1,80.8,2,2,42425,2,0,2,49.5
SG-017,1,3.68,2,0,65.16,1,3,25844,1,0,1,49.26
SG-017,0,2.74,1,1,72.06,0,0,52799,2,1,1,29.59
SG-017,0,3.21,2,0,72.07,1,3,64245,0,0,0,26.0
SG-017,0,3.69,2,0,75.95,1,2,47307,2,0,2,34.0
SG-017,1,3.77,2,2,66.68,0,0,38792,2,1,1,48.3
SG-017,1,4.0,2,1,65.42,3,1,46262,1,0,1,47.52
SG-017,0,3.44,0,3,63.31,0,2,60293,1,0,1,21.34
SG-017,0,2.53,0,0,72.94,0,0,39628,0,0,0,10.0
SG-017,1,3.63,2,2,71.98,1,2,46417,1,0,1,40.65
SG-017,0,3.3,1,0,66.7,0,2,45786,0,0,0,18.0
SG-017,0,2.02,2,1,68.73,1,2,45200,0,0,0,18.25
SG-017,0,4.32,1,0,74.86,3,3,63310,0,0,0,30.0
SG-017,0,3.16,0,0,66.59,2,2,47768,0,0,0,26.0
SG-017,0,3.61,2,2,65.96,0,0,59216,1,0,1,12.81
SG-017,3,3.89,1,1,70.94,1,3,49225,2,1,1,67.55
SG-017,0,3.53,1,0,54.97,0,2,46138,1,1,0,36.0
SG-017,0,2.98,1,0,72.23,0,2,38184,3,0,3,36.0
SG-017,2,2.96,1,1,72.95,1,0,43750,0,0,0,25.44
SG-017,1,4.08,1,1,61.43,1,1,60860,1,1,0,52.65
SG-017,2,4.14,1,3,68.12,0,0,68310,2,0,2,39.36
SG-091,1,0.48,2,0,47.88,0,0,10603,0,0,0,13.82
SG-091,3,0.0,0,0,57.9,0,0,10572,0,0,0,15.4
SG-091,0,1.05,0,0,48.64,0,1,0,0,0,0,14.0
SG-091,0,0.4,0,0,58.73,0,0,0,0,0,0,10.0
SG-091,2,0.0,0,0,51.61,0,0,5228,1,1,0,31.6
SG-091,1,0.0,0,0,46.39,0,0,0,0,0,0,11.8
SG-091,1,0.14,2,0,47.68,0,0,4353,2,0,2,24.39
SG-091,1,0.15,0,1,60.14,0,0,0,0,0,0,10.4
SG-091,0,0.0,0,0,46.23,1,0,0,0,0,0,14.0
SG-091,1,0.0,1,0,64.61,0,1,0,2,0,2,27.8
SG-091,0,0.0,1,1,49.43,0,1,1318,0,0,0,14.11
SG-091,0,0.85,2,1,52.3,1,0,0,0,0,0,13.54
SG-091,0,0.13,1,0,51.94,1,0,4129,0,0,0,14.0
SG-091,1,0.0,0,0,45.79,0,1,10657,1,1,0,33.8
SG-091,0,2.12,0,0,46.82,0,1,0,2,0,2,26.0
SG-091,0,0.0,0,0,45.13,0,3,0,0,0,0,22.0
SG-091,0,0.38,1,1,44.84,0,0,0,0,0,0,11.03
SG-091,1,0.48,1,0,56.21,0,1,1771,1,0,1,23.82
SG-091,0,0.0,0,0,55.52,0,0,0,0,0,0,10.0
SG-091,0,0.0,0,0,49.07,1,0,0,1,0,1,20.0
SG-091,0,0.81,0,1,53.43,0,0,3204,1,0,1,15.31
SG-091,0,0.0,1,0,58.14,0,0,12083,2,1,1,34.0
SG-091,2,0.06,0,0,52.04,0,0,0,1,0,1,19.85
SG-091,0,1.06,0,1,46.12,1,1,7413,1,0,1,24.78
SG-091,1,0.0,0,0,53.88,0,0,0,1,0,1,17.8
SG-091,1,0.0,0,1,47.04,0,0,16443,0,0,0,12.39
SG-091,0,0.0,0,1,46.08,0,0,0,0,0,0,10.78
SG-091,1,0.0,0,0,34.67,0,1,0,0,0,0,15.8
SG-091,2,0.54,0,1,44.08,1,0,10733,0,0,0,21.05
SG-091,0,0.19,0,0,45.34,1,0,0,0,0,0,14.0
SG-091,1,1.44,1,1,74.71,1,0,7040,0,0,0,16.91
SG-091,0,0.45,0,0,58.7,1,0,0,1,1,0,32.0
SG-091,0,0.0,0,1,57.28,0,1,641,0,0,0,12.54
SG-091,0,0.0,0,0,50.45,0,0,4880,0,0,0,10.0
SG-091,0,0.53,2,1,38.25,0,0,1776,1,0,1,18.35
SG-091,0,0.29,1,0,47.24,0,0,0,0,0,0,10.0
SG-091,0,0.0,0,0,53.89,0,0,0,0,0,0,10.0
SG-091,0,0.0,0,0,49.93,0,1,0,0,0,0,14.0
SG-091,0,0.23,2,0,49.41,0,0,0,0,0,0,10.0
SG-091,0,0.0,0,0,54.67,1,0,0,0,0,0,14.0
SG-091,0,0.58,0,1,37.87,0,1,16711,0,0,0,16.43
SG-091,0,0.0,0,0,41.15,0,0,9444,0,0,0,10.0
SG-091,0,0.0,1,0,72.52,0,0,5251,2,1,1,34.0
SG-091,0,0.98,0,0,39.77,1,0,1002,0,0,0,14.0
SG-091,2,0.03,0,0,58.85,0,0,9786,0,0,0,13.73
SG-091,0,0.49,2,1,61.69,0,0,0,0,0,0,7.66
SG-091,0,0.0,0,0,53.93,2,1,0,1,1,0,40.0
SG-091,0,0.0,1,0,39.53,1,0,0,1,0,1,20.0
SG-091,0,0.62,1,1,56.99,1,1,2655,0,0,0,16.6
SG-091,0,0.0,0,0,61.53,0,1,10793,0,0,0,14.0
SG-091,0,0.93,1,0,51.29,2,0,4477,1,0,1,24.0
SG-091,1,0.0,0,1,52.85,0,0,0,0,0,0,11.23
SG-091,0,0.03,0,0,42.64,2,0,0,0,0,0,18.0
SG-091,2,0.0,1,0,53.77,0,1,0,1,0,1,23.6
SG-091,0,0.25,0,0,47.87,0,2,10490,0,0,0,18.0
SG-091,0,0.0,1,0,57.41,0,0,4098,1,0,1,16.0
SG-091,1,0.08,0,0,61.05,2,1,0,0,0,0,24.14
SG-091,1,0.55,0,0,45.13,0,0,1861,1,0,1,20.11
SG-091,1,1.44,0,0,52.47,2,0,2032,0,0,0,25.85
SG-091,0,0.94,2,0,46.99,2,0,0,0,0,0,18.0
SG-091,1,1.69,0,1,50.56,1,0,14681,1,0,1,28.79
SG-091,1,0.0,0,0,35.18,1,1,0,0,0,0,19.8
SG-091,0,0.0,0,1,49.49,2,0,0,1,0,1,24.1
SG-091,1,0.83,0,0,48.63,0,0,13364,0,0,0,15.29
SG-091,0,1.17,0,0,47.81,0,1,0,1,0,1,20.0
SG-091,2,0.18,1,1,54.99,0,0,19154,0,0,0,13.36
SG-091,0,0.28,0,0,48.65,0,0,0,0,0,0,10.0
SG-091,1,0.37,1,0,39.11,2,0,6108,0,0,0,21.35
SG-091,0,0.39,0,0,41.6,0,0,4275,3,1,2,40.0
SG-091,1,0.0,0,0,60.26,0,0,0,0,0,0,11.8
SG-091,0,0.0,0,0,54.18,0,0,5969,0,0,0,10.0
SG-091,1,0.47,0,0,43.75,0,1,4449,0,0,0,17.77
SG-091,0,0.49,1,1,49.19,1,0,6324,0,0,0,14.16
SG-091,0,0.49,3,0,50.57,0,0,15444,0,0,0,10.0
SG-091,0,0.0,0,1,72.4,0,0,9000,0,0,0,5.52
SG-091,0,0.0,0,1,48.18,0,0,0,0,0,0,10.36
SG-091,0,0.53,0,0,49.48,1,1,4461,1,1,0,36.0
SG-091,0,0.0,0,0,58.72,0,0,4599,0,0,0,10.0
SG-091,0,0.0,0,1,64.6,0,0,426,2,0,2,19.08
SG-091,0,1.08,0,1,38.18,0,0,0,1,0,1,18.36
SG-091,0,0.0,0,0,57.86,0,0,1591,0,0,0,10.0
SG-091,0,0.0,0,0,59.19,0,0,1833,2,0,2,22.0
SG-091,1,0.86,0,0,47.37,0,1,2310,0,0,0,19.41
SG-091,0,1.5,0,0,61.45,0,1,0,0,0,0,14.0
SG-091,0,0.0,0,1,50.69,0,0,27395,1,0,1,15.86
SG-091,1,0.0,0,0,50.73,0,0,103,0,0,0,11.8
SG-091,0,0.5,0,1,36.27,0,0,16642,0,0,0,12.75
SG-091,0,0.0,0,0,39.77,0,0,3196,0,0,0,10.0
SG-091,0,0.98,0,1,43.95,0,0,0,0,0,0,11.21
SG-091,0,0.0,0,0,55.02,0,0,17909,0,0,0,10.0
SG-091,1,0.46,0,0,37.05,2,0,0,0,0,0,21.73
SG-091,2,1.7,0,0,32.1,0,0,0,0,0,0,20.74
SG-091,0,0.0,0,1,50.1,1,1,0,0,0,0,17.98
SG-091,0,0.53,0,1,53.17,0,1,4697,0,0,0,13.37
SG-091,0,0.0,0,1,59.9,0,1,0,0,0,0,12.02
SG-091,0,1.67,0,0,50.21,0,0,9832,0,0,0,10.0
SG-091,2,0.94,1,0,48.08,0,0,0,0,0,0,17.55
SG-091,0,0.15,0,1,44.65,0,0,0,1,1,0,29.07
SG-091,0,0.0,0,0,43.55,0,0,4399,1,0,1,16.0
SG-091,0,0.0,0,0,54.82,0,1,0,0,0,0,14.0
SG-091,0,0.63,0,2,61.44,0,0,4697,0,0,0,7.71
SG-091,0,0.18,1,1,51.37,0,2,9676,0,0,0,17.73
SG-091,0,0.25,0,0,42.9,0,0,6347,0,0,0,10.0
SG-091,0,0.0,1,0,44.2,0,2,0,0,0,0,18.0
SG-091,0,0.0,0,0,42.3,0,0,0,0,0,0,10.0
SG-091,1,0.0,0,0,54.58,0,1,7135,1,0,1,21.8
SG-091,0,0.74,0,0,51.45,0,0,0,0,0,0,10.0
SG-091,0,0.0,0,1,40.27,0,0,0,0,0,0,11.95
SG-091,1,0.6,0,0,58.21,0,0,0,0,0,0,14.32
SG-091,3,0.04,0,0,54.42,0,1,8177,0,0,0,19.57
SG-091,1,0.12,0,1,47.19,1,0,12765,1,0,1,22.87
SG-091,1,0.39,0,0,43.53,0,1,9747,0,0,0,17.44
SG-091,0,0.51,0,0,55.97,0,1,0,0,0,0,14.0
SG-091,1,0.0,0,0,41.58,0,1,2017,0,0,0,15.8
SG-091,0,2.42,0,0,61.36,0,0,19944,0,0,0,10.0
SG-091,0,1.02,0,0,44.52,0,0,13382,1,0,1,16.0
SG-091,0,0.0,1,0,48.2,0,0,0,0,0,0,10.0
SG-091,1,0.42,0,0,41.43,0,0,3366,0,0,0,13.56
SG-091,1,0.06,0,2,49.77,0,0,0,0,0,0,12.1
SG-091,1,0.58,1,0,60.22,0,0,0,0,0,0,14.24
SG-091,0,0.0,1,2,61.12,0,0,8877,1,0,1,13.78
SG-091,0,0.21,1,0,49.04,1,1,4774,2,0,2,30.0
SG-091,2,0.38,3,0,44.49,0,0,19501,0,0,0,15.2
SG-091,1,0.49,0,1,59.83,1,0,2261,0,0,0,15.89
SG-091,0,0.0,0,0,51.78,0,0,5008,0,0,0,10.0
SG-091,0,0.0,0,0,43.68,1,0,11176,2,0,2,26.0
SG-091,0,0.78,0,1,44.63,0,0,3426,1,0,1,17.07
SG-091,0,0.0,0,1,53.15,0,1,0,0,0,0,13.37
SG-091,2,0.0,1,0,46.72,2,0,0,0,0,0,21.6
SG-091,0,0.0,0,1,50.6,0,0,0,2,0,2,21.88
SG-091,0,0.77,0,0,50.08,0,0,20917,0,0,0,10.0
SG-091,0,0.03,0,0,49.77,0,1,0,0,0,0,14.0
SG-091,0,0.07,0,0,42.53,0,1,4720,1,0,1,20.0
SG-091,2,0.0,2,1,54.62,0,0,0,0,0,0,12.68
SG-091,0,0.79,0,0,45.52,0,0,0,0,0,0,10.0
SG-091,0,0.0,0,0,41.78,0,1,0,0,0,0,14.0
SG-091,0,0.24,0,0,32.51,1,0,0,0,0,0,14.0
SG-091,0,0.0,0,1,57.01,0,0,0,0,0,0,8.6
SG-091,2,0.22,0,0,55.78,0,0,6110,0,0,0,14.52
SG-091,0,0.9,0,0,40.7,0,0,0,0,0,0,10.0
SG-091,0,0.0,0,1,49.34,1,0,2448,0,0,0,14.13
SG-091,2,0.0,1,0,48.68,0,1,3114,0,0,0,17.6
SG-091,1,0.54,0,0,41.97,1,0,0,0,0,0,18.07
SG-091,0,0.0,1,0,65.26,1,0,8181,0,0,0,14.0
SG-091,0,0.0,0,0,50.81,0,0,193,1,0,1,16.0
SG-091,0,0.0,0,0,54.72,2,0,0,0,0,0,18.0
SG-091,0,0.0,1,0,57.89,1,0,0,2,0,2,26.0
SG-091,0,0.0,2,1,44.57,1,0,0,1,0,1,21.09
SG-091,0,0.0,0,0,50.47,0,2,0,0,0,0,18.0
SG-091,2,0.0,0,0,52.59,0,0,0,0,0,0,13.6
SG-063,0,0.76,0,2,61.39,3,1,54291,0,0,0,23.72
SG-063,0,0.0,1,0,67.73,2,1,65829,1,0,1,28.0
SG-063,0,0.22,0,1,75.31,0,0,70566,0,0,0,4.94
SG-063,1,0.2,2,0,66.94,1,0,72090,0,0,0,16.64
SG-063,1,0.19,0,0,71.52,1,0,84902,1,0,1,22.6
SG-063,1,0.0,0,1,81.25,3,0,74288,2,0,2,29.55
SG-063,1,0.0,0,1,71.01,1,0,70433,2,0,2,23.6
SG-063,0,1.15,0,1,75.36,1,0,34839,1,1,0,26.93
SG-063,0,0.56,0,2,64.64,1,1,88422,0,0,0,15.07
SG-063,1,1.08,0,1,73.06,2,0,72492,2,1,1,43.72
SG-063,1,0.03,0,1,66.07,1,0,85640,0,0,0,12.71
SG-063,0,1.39,0,0,62.59,3,0,54363,4,0,4,46.0
SG-063,0,0.0,0,2,81.72,1,0,78704,0,0,0,7.66
SG-063,0,0.0,0,0,69.51,0,0,53803,1,0,1,16.0
SG-063,2,0.0,1,1,66.66,0,0,57595,1,0,1,16.27
SG-063,0,0.69,0,1,68.16,1,0,68959,0,0,0,10.37
SG-063,0,0.0,1,0,87.17,2,1,78815,3,0,3,40.0
SG-063,0,0.0,1,1,69.2,2,0,78865,0,0,0,14.16
SG-063,2,0.07,0,1,61.81,0,0,47594,1,0,1,17.53
SG-063,1,0.21,0,0,66.03,1,1,66723,2,0,2,32.68
SG-063,1,0.0,0,1,72.8,2,0,63259,0,0,0,15.24
SG-063,1,0.0,1,0,62.33,3,1,63131,1,0,1,33.8
SG-063,0,0.0,0,1,68.98,2,0,53616,1,0,1,20.2
SG-063,0,0.0,2,0,63.89,1,0,80238,2,0,2,26.0
SG-063,0,0.0,0,1,65.5,1,1,51268,0,0,0,14.9
SG-063,1,0.18,1,0,81.28,0,0,79620,0,0,0,12.56
SG-063,0,2.0,0,2,76.65,1,0,82413,0,0,0,8.67
SG-063,0,0.0,0,2,65.1,2,0,50239,1,0,1,20.98
SG-063,0,0.86,0,1,67.54,0,0,68162,3,0,3,24.49
SG-063,0,0.0,1,1,76.13,0,0,79508,1,0,1,10.77
SG-063,0,0.38,0,2,63.3,0,2,59777,0,0,0,15.34
SG-063,0,0.0,0,1,68.4,0,2,65997,2,0,2,26.32
SG-063,0,0.0,1,1,73.06,0,0,64661,2,0,2,17.39
SG-063,0,0.0,0,0,54.08,0,0,54155,2,0,2,22.0
SG-063,0,0.0,0,0,66.65,2,1,76576,0,0,0,22.0
SG-063,0,0.0,2,0,65.12,2,0,59245,0,0,0,18.0
SG-063,0,0.42,1,1,60.04,1,0,63477,3,0,3,29.99
SG-063,0,0.13,0,0,58.67,1,1,75866,2,0,2,30.0
SG-063,0,0.19,0,1,70.53,1,0,89661,1,1,0,27.89
SG-063,1,0.0,0,0,60.16,1,1,85070,1,0,1,25.8
SG-063,0,0.05,0,1,83.85,2,1,54916,0,0,0,15.23
SG-063,0,0.35,0,0,76.57,1,0,67302,1,1,0,32.0
SG-063,0,0.58,0,0,55.68,2,1,72392,2,1,1,46.0
SG-063,1,0.0,2,1,63.91,0,0,45274,2,0,2,21.02
SG-063,0,0.0,0,0,65.71,3,1,72821,1,1,0,44.0
SG-063,1,0.0,0,0,75.98,3,0,39100,2,0,2,35.8
SG-063,0,0.44,0,1,61.8,1,0,52914,1,0,1,17.64
SG-063,0,0.0,1,0,63.43,0,0,75639,2,0,2,22.0
SG-063,1,0.14,0,3,55.49,1,0,71749,1,1,0,33.29
SG-063,0,0.0,0,0,70.43,2,0,78617,1,0,1,24.0
SG-063,0,0.0,0,1,68.88,0,0,73776,0,0,0,6.22
SG-063,1,0.0,0,2,69.81,1,0,61058,0,0,0,11.84
SG-063,0,0.77,0,0,63.59,0,0,65686,2,0,2,22.0
SG-063,1,0.57,1,1,75.11,0,1,57512,0,0,0,13.17
SG-063,0,0.0,0,0,49.98,2,1,53730,1,1,0,40.0
SG-063,1,0.1,1,0,67.25,1,0,62699,1,0,1,22.22
SG-063,0,0.56,0,1,64.64,1,0,80116,0,0,0,11.07
SG-063,0,0.0,2,1,76.91,1,0,68951,2,0,2,20.62
SG-063,0,0.0,0,1,72.68,2,0,58018,0,0,0,13.46
SG-063,0,0.34,0,1,71.07,1,1,99441,0,0,0,13.79
SG-063,0,1.12,1,1,67.29,0,1,62833,1,0,1,16.54
SG-063,0,0.0,0,2,80.17,2,1,65282,0,0,0,15.97
SG-063,0,0.0,0,1,62.92,2,0,86675,1,0,1,21.42
SG-063,0,0.01,0,0,62.68,1,0,74274,0,0,0,14.0
SG-063,0,0.0,0,2,53.55,1,2,57656,1,0,1,27.29
SG-063,2,0.0,0,2,72.29,0,0,74731,0,0,0,9.14
SG-063,0,0.0,2,1,59.76,0,0,53047,2,2,0,38.05
SG-063,1,0.0,0,0,83.48,1,2,86952,0,0,0,23.8
SG-063,0,0.0,0,3,58.38,1,1,67979,1,0,1,22.32
SG-063,0,0.36,0,1,78.3,2,0,52064,0,0,0,12.34
SG-063,0,0.0,0,0,53.79,1,0,54393,1,0,1,20.0
SG-063,0,0.52,0,1,71.3,0,0,84272,2,0,2,17.74
SG-063,1,0.0,1,1,75.09,1,0,64256,1,0,1,16.78
SG-063,1,0.0,0,3,61.99,1,0,72568,0,0,0,13.4
SG-063,1,0.0,1,2,75.44,1,3,82342,1,0,1,28.71
SG-063,0,1.0,2,2,73.28,0,0,51117,0,0,0,5.34
SG-063,1,0.63,0,1,59.12,1,0,40754,2,0,2,28.62
SG-063,1,0.78,0,1,61.71,0,0,61596,1,1,0,30.73
SG-063,0,0.27,0,2,69.39,1,0,57588,2,1,1,34.12
SG-063,1,0.0,0,3,67.82,2,0,67428,2,0,2,28.24
SG-063,0,0.0,1,2,79.1,3,0,63768,2,0,2,28.18
SG-063,0,0.0,0,1,66.79,2,1,86086,0,0,0,18.64
SG-063,1,0.0,0,0,67.17,3,2,56926,2,0,2,43.8
SG-063,0,0.28,0,2,75.82,0,1,80136,1,1,0,26.84
SG-063,0,0.14,0,0,66.36,0,0,87503,2,0,2,22.0
SG-063,0,0.21,1,0,66.96,2,0,67217,1,0,1,24.0
SG-063,0,0.1,2,1,69.33,3,0,92680,1,1,0,36.13
SG-063,1,0.21,0,1,67.61,2,0,63694,1,1,0,35.16
SG-063,1,0.0,0,1,79.22,2,0,64409,0,0,0,13.96
SG-063,2,0.0,0,0,69.3,2,0,83989,0,0,0,21.6
SG-063,0,0.51,0,1,68.89,2,0,68418,0,0,0,14.22
SG-063,1,0.9,0,2,77.89,0,1,81036,1,0,1,20.0
SG-063,1,0.0,0,1,72.72,0,0,69345,2,2,0,37.26
SG-063,0,0.22,0,2,59.49,0,0,66964,1,0,1,14.1
SG-063,0,0.0,1,1,76.29,0,0,67537,2,0,2,16.74
SG-063,0,0.0,2,0,61.2,2,0,85334,2,1,1,42.0
SG-063,1,0.0,0,1,59.2,1,1,88085,1,1,0,35.96
SG-063,0,0.0,0,1,69.15,0,0,76642,2,0,2,18.17
SG-063,1,0.0,0,2,73.46,2,2,58427,0,0,0,23.11
SG-063,0,0.0,0,1,73.27,1,0,76023,2,0,2,21.35
SG-063,0,0.0,0,0,67.59,0,0,51336,1,0,1,16.0
SG-063,0,0.01,0,1,63.74,1,0,87387,2,0,2,23.25
SG-063,1,0.45,0,2,65.72,0,0,70951,1,0,1,16.55
SG-063,0,0.43,0,1,69.86,0,0,37945,2,0,2,18.03
SG-063,0,0.26,1,0,66.48,3,2,81428,1,0,1,36.0
SG-063,1,0.0,1,0,65.62,1,0,74715,0,0,0,15.8
SG-063,2,1.74,0,0,60.81,2,1,51505,1,0,1,38.91
SG-063,1,0.0,0,1,76.0,1,0,61547,0,0,0,10.6
SG-063,0,0.34,2,0,62.58,1,0,78651,1,0,1,20.0
SG-063,0,0.12,1,1,70.69,1,0,58259,1,0,1,15.86
SG-063,2,0.94,1,1,66.3,0,0,69379,1,0,1,20.29
SG-063,1,0.0,0,2,73.17,1,0,66603,1,0,1,17.17
SG-063,3,0.13,1,0,63.12,2,0,8308,2,1,1,47.95
SG-063,0,1.06,0,2,66.93,0,0,83651,1,0,1,12.61
SG-063,0,0.0,1,2,76.04,0,0,56495,0,0,0,4.79
SG-063,0,0.0,1,1,62.61,1,0,63481,1,0,1,17.48
SG-063,0,0.17,0,1,75.02,1,0,65468,0,0,0,9.0
SG-063,0,0.27,0,1,64.37,0,0,73207,1,1,0,25.13
SG-063,0,1.33,0,0,59.05,0,2,86647,2,0,2,30.0
SG-063,2,0.0,0,2,72.27,3,0,62600,0,0,0,21.15
SG-063,0,0.8,1,1,59.04,1,1,73858,1,0,1,22.19
SG-063,1,0.0,0,3,54.93,1,0,61709,2,0,2,26.81
SG-063,0,0.56,0,4,68.21,1,0,60609,2,0,2,22.36
SG-063,0,0.02,1,1,64.31,0,0,76993,0,0,0,7.14
SG-063,1,0.79,1,2,71.17,2,0,47586,0,0,0,18.88
SG-063,0,0.23,1,2,60.02,1,0,65440,1,0,1,18.0
SG-063,3,0.4,0,3,64.22,1,0,90467,1,0,1,24.24
SG-063,1,0.41,0,2,87.31,1,0,70321,2,0,2,22.06
SG-063,0,0.0,0,1,66.55,3,1,55596,0,0,0,22.69
SG-063,1,0.02,0,2,59.05,1,2,70793,0,0,0,22.07
SG-063,0,0.0,1,2,64.51,1,0,65961,0,0,0,11.1
SG-063,2,0.33,1,2,73.17,1,0,64341,1,0,1,20.35
SG-063,0,0.0,0,1,51.88,2,1,102386,1,0,1,27.62
SG-063,0,0.15,0,0,65.6,0,1,57519,1,0,1,20.0
SG-063,0,0.0,0,1,78.51,2,1,87667,2,0,2,28.3
SG-063,1,0.75,1,0,60.27,1,1,67710,2,1,1,46.95
SG-063,1,0.84,0,1,62.14,0,0,86016,1,1,0,30.9
SG-063,0,1.71,0,1,56.76,2,0,59200,2,1,1,40.65
SG-063,1,0.0,0,1,73.26,3,0,94859,2,0,2,31.15
SG-063,1,1.19,2,2,67.21,1,1,90766,1,0,1,27.36
SG-063,0,0.0,0,1,80.74,1,0,56231,2,1,1,31.85
SG-063,2,0.14,1,1,71.22,1,0,69873,1,0,1,19.94
SG-063,0,1.2,3,0,56.92,0,0,80183,2,0,2,22.0
SG-063,1,0.0,0,1,54.33,0,0,78392,1,0,1,16.93
SG-063,0,0.0,1,0,76.8,0,1,55915,2,2,0,44.0
SG-063,0,0.49,0,1,65.35,1,0,78615,0,0,0,10.93
SG-063,0,0.0,2,1,82.26,2,0,66844,1,1,0,29.55
SG-063,1,0.12,0,1,77.44,1,0,60323,0,0,0,10.82
SG-063,0,1.05,0,2,47.17,2,0,61452,1,0,1,24.57
SG-063,0,0.65,0,1,59.27,0,0,89943,1,0,1,14.15
